"TIME","DOSE","meanDV"
0,5000,100.379459277798
0.05,5000,96.3972687941645
0.35,5000,83.2835620210301
0.5,5000,76.1673715842942
0.75,5000,67.0123689648556
1,5000,59.1292107641618
2,5000,35.1948944451538
3,5000,22.724598979347
4,5000,14.6839021227471
6,5000,7.39193907134487
8,5000,4.50053989883767
10,5000,3.31268212039788
12,5000,2.59856695339813
16,5000,1.95127069262399
20,5000,1.4453971305571
24,5000,1.23297356784955
